1,2,3,4
a,b,c,d
1,2,3,4
a,b,c,d
1,2,3,4
a,b,c,d
2018-10-23T02:17:55,2018-10-23T02:18:55,2018-10-23T02:19:55,2018-10-23T02:20:55,2018-10-23T02:21:55,2018-10-23T02:22:55,2018-10-23T02:23:55,2018-10-23T02:24:55,2018-10-23T02:25:55,2018-10-23T02:26:55,2018-10-23T02:27:55,2018-10-23T02:28:55,2018-10-23T02:29:55,2018-10-23T02:30:55,2018-10-23T02:31:55,2018-10-23T02:32:55,2018-10-23T02:33:54,2018-10-23T02:34:54,2018-10-23T02:35:54,2018-10-23T02:36:55,2018-10-23T02:37:55,2018-10-23T02:38:55,2018-10-23T02:39:55,2018-10-23T02:40:55,2018-10-23T02:41:55,2018-10-23T02:42:55,2018-10-23T02:43:55,2018-10-23T02:44:55,2018-10-23T02:45:55,2018-10-23T02:46:55,2018-10-23T02:47:55,2018-10-23T02:48:55,2018-10-23T02:49:55,2018-10-23T02:50:55,2018-10-23T02:51:55,2018-10-23T02:52:55,2018-10-23T02:53:55,2018-10-23T02:54:55,2018-10-23T02:55:55,2018-10-23T02:56:55,2018-10-23T02:57:55,2018-10-23T02:58:55,2018-10-23T02:59:55,2018-10-23T03:00:55,2018-10-23T03:01:55,2018-10-23T03:02:55,2018-10-23T03:03:55,2018-10-23T03:04:55,2018-10-23T03:05:55,2018-10-23T03:06:55,2018-10-23T03:07:55,2018-10-23T03:08:55,2018-10-23T03:09:55,2018-10-23T03:10:55,2018-10-23T03:11:55,2018-10-23T03:12:55,2018-10-23T03:13:54,2018-10-23T03:14:55,2018-10-23T03:15:55,2018-10-23T03:16:55,2018-10-23T03:17:55,2018-10-23T03:18:55,2018-10-23T03:19:55,2018-10-23T03:20:55,2018-10-23T03:21:55,2018-10-23T03:22:55,2018-10-23T03:23:55,2018-10-23T03:24:55,2018-10-23T03:25:55,2018-10-23T03:26:55,2018-10-23T03:27:54,2018-10-23T03:28:55,2018-10-23T03:29:55,2018-10-23T03:30:55,2018-10-23T03:31:55,2018-10-23T03:32:55,2018-10-23T03:33:55,2018-10-23T03:34:55
2018-10-23T02:17:55,2018-10-23T02:18:55,2018-10-23T02:19:55,2018-10-23T02:20:55,2018-10-23T02:21:55,2018-10-23T02:22:55,2018-10-23T02:23:55,2018-10-23T02:24:55,2018-10-23T02:25:55,2018-10-23T02:26:55,2018-10-23T02:27:55,2018-10-23T02:28:55,2018-10-23T02:29:55,2018-10-23T02:30:55,2018-10-23T02:31:55,2018-10-23T02:32:55,2018-10-23T02:33:54,2018-10-23T02:34:54,2018-10-23T02:35:54,2018-10-23T02:36:55,2018-10-23T02:37:55,2018-10-23T02:38:55,2018-10-23T02:39:55,2018-10-23T02:40:55,2018-10-23T02:41:55,2018-10-23T02:42:55,2018-10-23T02:43:55,2018-10-23T02:44:55,2018-10-23T02:45:55,2018-10-23T02:46:55,2018-10-23T02:47:55,2018-10-23T02:48:55,2018-10-23T02:49:55,2018-10-23T02:50:55,2018-10-23T02:51:55,2018-10-23T02:52:55,2018-10-23T02:53:55,2018-10-23T02:54:55,2018-10-23T02:55:55,2018-10-23T02:56:55,2018-10-23T02:57:55,2018-10-23T02:58:55,2018-10-23T02:59:55,2018-10-23T03:00:55,2018-10-23T03:01:55,2018-10-23T03:02:55,2018-10-23T03:03:55,2018-10-23T03:04:55,2018-10-23T03:05:55,2018-10-23T03:06:55,2018-10-23T03:07:55,2018-10-23T03:08:55,2018-10-23T03:09:55,2018-10-23T03:10:55,2018-10-23T03:11:55,2018-10-23T03:12:55,2018-10-23T03:13:54,2018-10-23T03:14:55,2018-10-23T03:15:55,2018-10-23T03:16:55,2018-10-23T03:17:55,2018-10-23T03:18:55,2018-10-23T03:19:55,2018-10-23T03:20:55,2018-10-23T03:21:55,2018-10-23T03:22:55,2018-10-23T03:23:55,2018-10-23T03:24:55,2018-10-23T03:25:55,2018-10-23T03:26:55,2018-10-23T03:27:54,2018-10-23T03:28:55,2018-10-23T03:29:55,2018-10-23T03:30:55,2018-10-23T03:31:55,2018-10-23T03:32:55,2018-10-23T03:33:55,2018-10-23T03:34:55
2018-10-23T02:17:55,2018-10-23T02:18:55,2018-10-23T02:19:55,2018-10-23T02:20:55,2018-10-23T02:21:55,2018-10-23T02:22:55,2018-10-23T02:23:55,2018-10-23T02:24:55,2018-10-23T02:25:55,2018-10-23T02:26:55,2018-10-23T02:27:55,2018-10-23T02:28:55,2018-10-23T02:29:55,2018-10-23T02:30:55,2018-10-23T02:31:55,2018-10-23T02:32:55,2018-10-23T02:33:54,2018-10-23T02:34:54,2018-10-23T02:35:54,2018-10-23T02:36:55,2018-10-23T02:37:55,2018-10-23T02:38:55,2018-10-23T02:39:55,2018-10-23T02:40:55,2018-10-23T02:41:55,2018-10-23T02:42:55,2018-10-23T02:43:55,2018-10-23T02:44:55,2018-10-23T02:45:55,2018-10-23T02:46:55,2018-10-23T02:47:55,2018-10-23T02:48:55,2018-10-23T02:49:55,2018-10-23T02:50:55,2018-10-23T02:51:55,2018-10-23T02:52:55,2018-10-23T02:53:55,2018-10-23T02:54:55,2018-10-23T02:55:55,2018-10-23T02:56:55,2018-10-23T02:57:55,2018-10-23T02:58:55,2018-10-23T02:59:55,2018-10-23T03:00:55,2018-10-23T03:01:55,2018-10-23T03:02:55,2018-10-23T03:03:55,2018-10-23T03:04:55,2018-10-23T03:05:55,2018-10-23T03:06:55,2018-10-23T03:07:55,2018-10-23T03:08:55,2018-10-23T03:09:55,2018-10-23T03:10:55,2018-10-23T03:11:55,2018-10-23T03:12:55,2018-10-23T03:13:54,2018-10-23T03:14:55,2018-10-23T03:15:55,2018-10-23T03:16:55,2018-10-23T03:17:55,2018-10-23T03:18:55,2018-10-23T03:19:55,2018-10-23T03:20:55,2018-10-23T03:21:55,2018-10-23T03:22:55,2018-10-23T03:23:55,2018-10-23T03:24:55,2018-10-23T03:25:55,2018-10-23T03:26:55,2018-10-23T03:27:54,2018-10-23T03:28:55,2018-10-23T03:29:55,2018-10-23T03:30:55,2018-10-23T03:31:55,2018-10-23T03:32:55,2018-10-23T03:33:55,2018-10-23T03:34:55
2018-10-23T02:17:55,2018-10-23T02:18:55,2018-10-23T02:19:55,2018-10-23T02:20:55,2018-10-23T02:21:55,2018-10-23T02:22:55,2018-10-23T02:23:55,2018-10-23T02:24:55,2018-10-23T02:25:55,2018-10-23T02:26:55,2018-10-23T02:27:55,2018-10-23T02:28:55,2018-10-23T02:29:55,2018-10-23T02:30:55,2018-10-23T02:31:55,2018-10-23T02:32:55,2018-10-23T02:33:54,2018-10-23T02:34:54,2018-10-23T02:35:54,2018-10-23T02:36:55,2018-10-23T02:37:55,2018-10-23T02:38:55,2018-10-23T02:39:55,2018-10-23T02:40:55,2018-10-23T02:41:55,2018-10-23T02:42:55,2018-10-23T02:43:55,2018-10-23T02:44:55,2018-10-23T02:45:55,2018-10-23T02:46:55,2018-10-23T02:47:55,2018-10-23T02:48:55,2018-10-23T02:49:55,2018-10-23T02:50:55,2018-10-23T02:51:55,2018-10-23T02:52:55,2018-10-23T02:53:55,2018-10-23T02:54:55,2018-10-23T02:55:55,2018-10-23T02:56:55,2018-10-23T02:57:55,2018-10-23T02:58:55,2018-10-23T02:59:55,2018-10-23T03:00:55,2018-10-23T03:01:55,2018-10-23T03:02:55,2018-10-23T03:03:55,2018-10-23T03:04:55,2018-10-23T03:05:55,2018-10-23T03:06:55,2018-10-23T03:07:55,2018-10-23T03:08:55,2018-10-23T03:09:55,2018-10-23T03:10:55,2018-10-23T03:11:55,2018-10-23T03:12:55,2018-10-23T03:13:54,2018-10-23T03:14:55,2018-10-23T03:15:55,2018-10-23T03:16:55,2018-10-23T03:17:55,2018-10-23T03:18:55,2018-10-23T03:19:55,2018-10-23T03:20:55,2018-10-23T03:21:55,2018-10-23T03:22:55,2018-10-23T03:23:55,2018-10-23T03:24:55,2018-10-23T03:25:55,2018-10-23T03:26:55,2018-10-23T03:27:54,2018-10-23T03:28:55,2018-10-23T03:29:55,2018-10-23T03:30:55,2018-10-23T03:31:55,2018-10-23T03:32:55,2018-10-23T03:33:55,2018-10-23T03:34:55





